method,display,seed,N,K,reward,success,C,rho,C_over_N,eta,runtime_s,n_episodes
ac_dsgf,AC-DSGF (K=4),1234,16,4,14.896878585219383,0.28125,27.51953125,0.11466471354166666,1.719970703125,0.5413202154458712,23.192750900001556,2
ac_dsgf,AC-DSGF (K=4),1234,32,4,42.975148893892765,0.109375,72.93359375,0.07352176789314516,2.2791748046875,0.5892366834575838,73.03599630000099,2
ac_dsgf,AC-DSGF (K=4),1234,64,4,123.63932025432587,0.0771484375,114.7880859375,0.028469267345610116,1.7935638427734375,1.0771093467108181,1983.485179999996,16
ac_dsgf,AC-DSGF (K=4),1234,128,4,310.27674321457744,0.0361328125,258.884765625,0.015925490011380414,2.0225372314453125,1.1985129463508863,7871.414610899999,16
ac_dsgf,AC-DSGF (K=4),2026,16,4,14.740978901274502,0.140625,24.00830078125,0.10003458658854167,1.500518798828125,0.6139950942628523,178.14547120000498,16
ac_dsgf,AC-DSGF (K=4),2026,32,4,34.50112443231046,0.072265625,55.41357421875,0.05586045788180444,1.7316741943359375,0.6226114254264526,558.0390154999986,16
ac_dsgf,AC-DSGF (K=4),2026,64,4,98.80611401423812,0.025390625,108.8466796875,0.026995704287574404,1.7007293701171875,0.9077549659568077,1933.4671689000024,16
ac_dsgf,AC-DSGF (K=4),2026,128,4,239.76203779503703,0.0146484375,234.77001953125,0.014442053366833785,1.8341407775878906,1.0212634401690397,7293.070781499999,16
ac_dsgf,AC-DSGF (K=4),3407,16,4,15.946203541243449,0.15234375,23.25048828125,0.09687703450520835,1.453155517578125,0.6858438131857653,183.43001650000224,16
ac_dsgf,AC-DSGF (K=4),3407,32,4,39.26355167129077,0.107421875,55.99365234375,0.056445214056199594,1.7498016357421875,0.7012143346222236,568.7298102999994,16
ac_dsgf,AC-DSGF (K=4),3407,64,4,119.14300532452762,0.0400390625,111.80615234375,0.027729700482080854,1.7469711303710938,1.0656211919199252,2325.867293199997,16
ac_dsgf,AC-DSGF (K=4),3407,128,4,280.8430174663663,0.021484375,253.3642578125,0.015585891843780758,1.9794082641601562,1.1084555489046197,7563.1146706,16
ac_dsgf,AC-DSGF (K=4),42,16,4,17.217396123101935,0.2421875,22.23388671875,0.09264119466145833,1.389617919921875,0.7743763535766501,191.57475610000256,16
ac_dsgf,AC-DSGF (K=4),42,32,4,46.027714444790035,0.109375,55.52587890625,0.05597366825226814,1.7351837158203125,0.8289416638051478,573.0104566000082,16
ac_dsgf,AC-DSGF (K=4),42,64,4,123.43525258824229,0.0615234375,102.56591796875,0.02543797568669395,1.6025924682617188,1.2034724110386337,2007.745946199997,16
ac_dsgf,AC-DSGF (K=4),42,128,4,303.5837746337056,0.0302734375,225.453125,0.013868917630413386,1.7613525390625,1.3465494196796146,7705.543369400009,16
ac_dsgf,AC-DSGF (K=4),8888,16,4,16.69638647744432,0.2421875,26.14453125,0.108935546875,1.634033203125,0.6386186968811812,224.62806240000646,16
ac_dsgf,AC-DSGF (K=4),8888,32,4,42.64047619514167,0.126953125,62.3720703125,0.0628750708795363,1.949127197265625,0.6836469589914524,684.2954088999977,16
ac_dsgf,AC-DSGF (K=4),8888,64,4,120.33888830803335,0.0576171875,119.6923828125,0.029685610816592264,1.8701934814453125,1.0054013921382625,2049.6852653000096,16
ac_dsgf,AC-DSGF (K=4),8888,128,4,300.5191803909838,0.029296875,263.38037109375,0.016202040544645052,2.057659149169922,1.1410082655097114,7167.559911500008,16
dsgf,DSGF,1234,16,,14.873490520287305,0.1796875,25.578125,0.10657552083333334,1.5986328125,0.5814926043362172,186.7103744000051,16
dsgf,DSGF,1234,32,,39.41729356907308,0.099609375,65.609375,0.06613848286290322,2.05029296875,0.6007875180806567,569.959926800002,16
dsgf,DSGF,1234,64,,118.06942916288972,0.0478515625,129.880859375,0.03221251472594246,2.029388427734375,0.9090595006150398,2095.7173531000008,16
dsgf,DSGF,1234,128,,286.86029421165586,0.0224609375,300.6611328125,0.01849539448895792,2.3489151000976562,0.9540983615948434,8241.360396699994,16
dsgf,DSGF,2026,16,,15.586824319791049,0.15625,20.9638671875,0.08734944661458333,1.31024169921875,0.7435090186549603,216.2170402000047,16
dsgf,DSGF,2026,32,,38.24039880139753,0.064453125,49.9111328125,0.05031364194808468,1.559722900390625,0.7661697229965578,675.0094988000055,16
dsgf,DSGF,2026,64,,110.0971058756113,0.0341796875,99.236328125,0.024612184554811508,1.550567626953125,1.1094435672481842,2114.014542299992,16
dsgf,DSGF,2026,128,,265.3955951035023,0.015625,224.201171875,0.013791902797428642,1.7515716552734375,1.1837386615065046,7187.977045500011,16
dsgf,DSGF,3407,16,,15.988769399002194,0.17578125,21.861328125,0.0910888671875,1.3663330078125,0.7313722802009401,180.43492520001018,16
dsgf,DSGF,3407,32,,38.40911787701771,0.08984375,55.953125,0.05640435987903226,1.74853515625,0.6864517017953458,557.3440320000082,16
dsgf,DSGF,3407,64,,115.6709746811539,0.0322265625,114.9775390625,0.02851625472780258,1.7965240478515625,1.006031052884833,1924.7944070999947,16
dsgf,DSGF,3407,128,,276.3413268364966,0.0205078125,265.9189453125,0.016358202836644933,2.0774917602539062,1.0391938284492988,7920.922634300005,16
dsgf,DSGF,42,16,,16.462050244095735,0.22265625,22.4150390625,0.09339599609375,1.40093994140625,0.7344198775739134,174.5667914000078,16
dsgf,DSGF,42,32,,44.5694898320362,0.125,58.646484375,0.059119439894153226,1.83270263671875,0.7599686546775413,536.6720951000025,16
dsgf,DSGF,42,64,,123.11669206432998,0.056640625,106.5126953125,0.026416839115203372,1.6642608642578125,1.1558874902481355,1875.776866900007,16
dsgf,DSGF,42,128,,303.9359498396516,0.02783203125,245.431640625,0.015097910963644193,1.9174346923828125,1.2383731334137211,7914.88240219999,16
dsgf,DSGF,8888,16,,17.89770313980989,0.27734375,27.1591796875,0.11316324869791666,1.69744873046875,0.6589927731892176,277.62649739999324,16
dsgf,DSGF,8888,32,,44.794950587674975,0.16015625,70.90625,0.0714780745967742,2.2158203125,0.6317489725895105,820.5038116000069,16
dsgf,DSGF,8888,64,,124.55052231997252,0.076171875,141.462890625,0.03508504231770833,2.210357666015625,0.8804466087868937,2256.0455767000094,16
dsgf,DSGF,8888,128,,312.85269049182534,0.0390625,310.3876953125,0.019093731256920522,2.4249038696289062,1.0079416652675086,8784.016662800015,16
full_attn,Full-Attention,1234,16,,15.934108035988174,0.2265625,240.0,1.0,15.0,0.0663921168166174,219.3109215000004,16
full_attn,Full-Attention,1234,32,,41.63763436023146,0.1171875,992.0,1.0,31.0,0.041973421734104295,703.9293992000166,16
full_attn,Full-Attention,1234,64,,115.30742213316262,0.0478515625,4032.0,1.0,63.0,0.028598070965566127,2225.677066000004,16
full_attn,Full-Attention,1234,128,,257.336971398443,0.015625,16256.0,1.0,127.0,0.01583027629173493,8694.042156200012,16
full_attn,Full-Attention,2026,16,,16.609112791484222,0.1953125,240.0,1.0,15.0,0.06920463663118426,221.44400369998766,16
full_attn,Full-Attention,2026,32,,39.38393658678979,0.095703125,992.0,1.0,31.0,0.03970154897861874,721.4268550999986,16
full_attn,Full-Attention,2026,64,,118.90514062345028,0.033203125,4032.0,1.0,63.0,0.02949036225780017,2562.6237502000004,16
full_attn,Full-Attention,2026,128,,292.5467749387026,0.01220703125,16256.0,1.0,127.0,0.017996233694556014,9559.13982890002,16
full_attn,Full-Attention,3407,16,,14.088380310218781,0.1171875,240.0,1.0,15.0,0.05870158462591159,219.20009200001368,16
full_attn,Full-Attention,3407,32,,31.061286908807233,0.041015625,992.0,1.0,31.0,0.03131178115807181,717.7532121000113,16
full_attn,Full-Attention,3407,64,,85.88449915498495,0.0126953125,4032.0,1.0,63.0,0.021300719036454602,2554.1371437000053,16
full_attn,Full-Attention,3407,128,,203.08335195109248,0.00537109375,16256.0,1.0,127.0,0.01249282430801504,9031.01905989999,16
full_attn,Full-Attention,42,16,,17.81313425162807,0.32421875,240.0,1.0,15.0,0.07422139271511696,243.95234479999635,16
full_attn,Full-Attention,42,32,,45.99118707969319,0.1484375,992.0,1.0,31.0,0.04636208374969072,791.5759189999953,16
full_attn,Full-Attention,42,64,,126.07298831641674,0.064453125,4032.0,1.0,63.0,0.031268102261016055,2275.7748469999933,16
full_attn,Full-Attention,42,128,,299.2349734157324,0.03125,16256.0,1.0,127.0,0.018407663226853617,7913.713594500005,16
full_attn,Full-Attention,8888,16,,19.658751639071852,0.3515625,240.0,1.0,15.0,0.08191146516279939,166.4872513000155,16
full_attn,Full-Attention,8888,32,,49.200750436633825,0.20703125,992.0,1.0,31.0,0.04959753068209055,593.6203696999874,16
full_attn,Full-Attention,8888,64,,131.1668175533414,0.06640625,4032.0,1.0,63.0,0.0325314527662057,3247.5661564000184,16
full_attn,Full-Attention,8888,128,,237.3795190155506,0.013671875,16256.0,1.0,127.0,0.01460257867959834,13616.87054589999,16
