source,N,budget_type,K,ratio,seed,avg_degree,avg_k_cap,degree_std,degree_error_vs_K,degree_error_vs_cap,degree_p50,degree_p95
encoder,8,fixed_k,1,,1234,0.7590625,0.7590625,0.1618855570881788,0.24093750000000003,0.0,1.0,1.0
encoder,8,fixed_k,2,,1234,1.2078125,1.2078125,0.36408261746992265,0.7921875,0.0,1.0,2.0
encoder,8,fixed_k,4,,1234,1.2475,1.2475,0.5255889553634094,2.7525,0.0,1.0,3.0
encoder,8,fixed_k,6,,1234,1.31,1.31,0.5188569166928393,4.6899999999999995,0.0,1.0,3.0
encoder,8,fixed_k,8,,1234,1.2875,1.2875,0.5583177858531824,6.7125,0.0,1.0,3.0
encoder,8,ratio,,0.05,1234,0.7840625,1.0,0.18908677530105059,,0.2159375,1.0,1.0
encoder,8,ratio,,0.1,1234,0.760625,1.0,0.1652543021376448,,0.239375,1.0,1.0
encoder,8,ratio,,0.2,1234,0.6859375,1.0,0.1980310798681611,,0.3140625,1.0,1.0
encoder,8,ratio,,0.4,1234,0.845,1.13875,0.2694728650532368,,0.29374999999999996,1.0,2.0
encoder,16,fixed_k,1,,1234,0.77578125,0.77578125,0.13269066102570107,0.22421875000000002,0.0,1.0,1.0
encoder,16,fixed_k,2,,1234,1.1815625,1.1815625,0.29292420494685995,0.8184374999999999,0.0,1.0,2.0
encoder,16,fixed_k,4,,1234,1.35625,1.35625,0.4879204917299539,2.64375,0.0,1.0,4.0
encoder,16,fixed_k,6,,1234,1.5071875,1.5071875,0.673904710321682,4.4928125,0.0,1.0,4.0
encoder,16,fixed_k,8,,1234,1.3584375,1.3584375,0.4114559467230362,6.6415625,0.0,1.0,3.0
encoder,16,ratio,,0.05,1234,0.73390625,1.0,0.12517478015134478,,0.26609375,1.0,1.0
encoder,16,ratio,,0.1,1234,0.7475,1.0,0.1454169651381846,,0.25249999999999995,1.0,1.0
encoder,16,ratio,,0.2,1234,0.76546875,1.0046875,0.13156574743616783,,0.23921874999999992,1.0,1.0
encoder,16,ratio,,0.4,1234,0.85609375,1.12921875,0.26388025330808196,,0.27312499999999995,1.0,2.0
encoder,32,fixed_k,1,,1234,0.742890625,0.742890625,0.08089310890526692,0.257109375,0.0,1.0,1.0
encoder,32,fixed_k,2,,1234,1.14015625,1.14015625,0.17096284946864188,0.85984375,0.0,1.0,2.0
encoder,32,fixed_k,4,,1234,1.3428125,1.3428125,0.26732744872861447,2.6571875,0.0,1.0,3.0
encoder,32,fixed_k,6,,1234,1.359921875,1.359921875,0.29872727056252224,4.6400781250000005,0.0,1.0,4.0
encoder,32,fixed_k,8,,1234,1.360625,1.360625,0.31085253236060345,6.639375,0.0,1.0,4.0
encoder,32,ratio,,0.05,1234,0.747421875,1.0,0.08215061999300051,,0.252578125,1.0,1.0
encoder,32,ratio,,0.1,1234,0.7465625,1.0,0.08599657060749574,,0.2534375,1.0,1.0
encoder,32,ratio,,0.2,1234,0.74203125,1.002109375,0.08705228650608496,,0.26007812500000005,1.0,1.0
encoder,32,ratio,,0.4,1234,0.9075,1.16140625,0.15085498520930624,,0.25390625,1.0,2.0
encoder,64,fixed_k,1,,1234,0.7189453125,0.7189453125,0.06430469414408907,0.28105468749999996,0.0,1.0,1.0
encoder,64,fixed_k,2,,1234,1.0862109375,1.0862109375,0.11766018601276557,0.9137890625,0.0,1.0,2.0
encoder,64,fixed_k,4,,1234,1.2657421875,1.2657421875,0.18845294541152002,2.7342578125,0.0,1.0,3.0
encoder,64,fixed_k,6,,1234,1.2714453125,1.2714453125,0.20725886293977838,4.7285546875,0.0,1.0,3.0
encoder,64,fixed_k,8,,1234,1.296484375,1.296484375,0.21004985399211631,6.703515625,0.0,1.0,3.0
encoder,64,ratio,,0.05,1234,0.7239453125,1.0,0.057890453672992094,,0.27605468749999995,1.0,1.0
encoder,64,ratio,,0.1,1234,0.718359375,1.0,0.06229335956973564,,0.281640625,1.0,1.0
encoder,64,ratio,,0.2,1234,0.721328125,1.0024609375,0.0629723847431108,,0.2811328125,1.0,1.0
encoder,64,ratio,,0.4,1234,0.86890625,1.1460546875,0.10816055683421522,,0.27714843749999996,1.0,2.0
encoder,8,fixed_k,1,,2026,0.71,0.71,0.19213439306901822,0.29000000000000004,0.0,1.0,1.0
encoder,8,fixed_k,2,,2026,1.054375,1.054375,0.3618696027231356,0.9456249999999999,0.0,1.0,2.0
encoder,8,fixed_k,4,,2026,1.255625,1.255625,0.4166078604335257,2.744375,0.0,1.0,3.0
encoder,8,fixed_k,6,,2026,1.230625,1.230625,0.590629629611485,4.769375,0.0,1.0,3.0
encoder,8,fixed_k,8,,2026,1.43375,1.43375,0.48475348116336414,6.56625,0.0,1.0,3.0
encoder,8,ratio,,0.05,2026,0.7096875,1.0,0.1671682231877518,,0.2903125,1.0,1.0
encoder,8,ratio,,0.1,2026,0.710625,1.0,0.23169804568662206,,0.28937500000000005,1.0,1.0
encoder,8,ratio,,0.2,2026,0.7871875,1.0,0.1872495723459736,,0.21281249999999996,1.0,1.0
encoder,8,ratio,,0.4,2026,0.8915625,1.118125,0.2518662762136884,,0.2265625,1.0,2.0
encoder,16,fixed_k,1,,2026,0.778125,0.778125,0.1381730685589634,0.22187500000000004,0.0,1.0,1.0
encoder,16,fixed_k,2,,2026,1.1015625,1.1015625,0.35396401984347226,0.8984375,0.0,1.0,2.0
encoder,16,fixed_k,4,,2026,1.2521875,1.2521875,0.4670334194078085,2.7478125,0.0,1.0,3.0
encoder,16,fixed_k,6,,2026,1.2615625,1.2615625,0.5143859165001993,4.7384375,0.0,1.0,3.0
encoder,16,fixed_k,8,,2026,1.3803125,1.3803125,0.4756688342153078,6.6196874999999995,0.0,1.0,3.0
encoder,16,ratio,,0.05,2026,0.68109375,1.0,0.12619729329877682,,0.31890624999999995,1.0,1.0
encoder,16,ratio,,0.1,2026,0.74296875,1.0,0.1687481915412355,,0.25703125000000004,1.0,1.0
encoder,16,ratio,,0.2,2026,0.7615625,1.0,0.12288483874648655,,0.23843749999999997,1.0,1.0
encoder,16,ratio,,0.4,2026,0.811875,1.10453125,0.23987219904565846,,0.29265624999999995,1.0,2.0
encoder,32,fixed_k,1,,2026,0.7390625,0.7390625,0.08287144128860074,0.26093750000000004,0.0,1.0,1.0
encoder,32,fixed_k,2,,2026,1.149453125,1.149453125,0.170105073657385,0.850546875,0.0,1.0,2.0
encoder,32,fixed_k,4,,2026,1.331328125,1.331328125,0.2660373522698164,2.6686718750000002,0.0,1.0,3.0
encoder,32,fixed_k,6,,2026,1.34546875,1.34546875,0.2879615435886144,4.65453125,0.0,1.0,3.0
encoder,32,fixed_k,8,,2026,1.393671875,1.393671875,0.29445642078282885,6.606328125,0.0,1.0,4.0
encoder,32,ratio,,0.05,2026,0.745859375,1.0,0.0825611974135512,,0.254140625,1.0,1.0
encoder,32,ratio,,0.1,2026,0.747578125,1.0,0.0832476406736814,,0.252421875,1.0,1.0
encoder,32,ratio,,0.2,2026,0.7453125,1.001875,0.08636258503397173,,0.2565625,1.0,1.0
encoder,32,ratio,,0.4,2026,0.906484375,1.158203125,0.14186069500432236,,0.25171875,1.0,2.0
encoder,64,fixed_k,1,,2026,0.722109375,0.722109375,0.05917683831837736,0.27789062499999995,0.0,1.0,1.0
encoder,64,fixed_k,2,,2026,1.0924609375,1.0924609375,0.11768715745062668,0.9075390624999999,0.0,1.0,2.0
encoder,64,fixed_k,4,,2026,1.2620703125,1.2620703125,0.19229591946292007,2.7379296875000003,0.0,1.0,3.0
encoder,64,fixed_k,6,,2026,1.2783984375,1.2783984375,0.19849543553252325,4.7216015625,0.0,1.0,3.0
encoder,64,fixed_k,8,,2026,1.28828125,1.28828125,0.21543101555007696,6.71171875,0.0,1.0,3.0
encoder,64,ratio,,0.05,2026,0.72515625,1.0,0.061826251314166705,,0.27484375000000005,1.0,1.0
encoder,64,ratio,,0.1,2026,0.7234765625,1.0,0.061873803945984227,,0.27652343749999997,1.0,1.0
encoder,64,ratio,,0.2,2026,0.7228515625,1.001875,0.05945429275709276,,0.2790234375,1.0,1.0
encoder,64,ratio,,0.4,2026,0.87109375,1.14640625,0.10246295538662985,,0.27531250000000007,1.0,2.0
encoder,8,fixed_k,1,,3407,0.78375,0.78375,0.14070692058317533,0.21625000000000005,0.0,1.0,1.0
encoder,8,fixed_k,2,,3407,0.85375,0.85375,0.38913164546204665,1.14625,0.0,1.0,2.0
encoder,8,fixed_k,4,,3407,1.2025,1.2025,0.5518519955567798,2.7975000000000003,0.0,1.0,3.0
encoder,8,fixed_k,6,,3407,1.224375,1.224375,0.5418137220253839,4.775625,0.0,1.0,3.0
encoder,8,fixed_k,8,,3407,1.020625,1.020625,0.5934904037766743,6.979375,0.0,1.0,3.0
encoder,8,ratio,,0.05,3407,0.8184375,1.0,0.12733713556441417,,0.18156249999999996,1.0,1.0
encoder,8,ratio,,0.1,3407,0.8284375,1.0,0.1791361105242324,,0.17156249999999995,1.0,1.0
encoder,8,ratio,,0.2,3407,0.693125,1.0,0.15627374819527431,,0.306875,1.0,1.0
encoder,8,ratio,,0.4,3407,0.829375,1.101875,0.26344398716805056,,0.27249999999999996,1.0,2.0
encoder,16,fixed_k,1,,3407,0.75609375,0.75609375,0.09031182417567203,0.24390625,0.0,1.0,1.0
encoder,16,fixed_k,2,,3407,1.0415625,1.0415625,0.3575512146444898,0.9584375,0.0,1.0,2.0
encoder,16,fixed_k,4,,3407,1.15625,1.15625,0.39953586353417636,2.84375,0.0,1.0,3.0
encoder,16,fixed_k,6,,3407,1.3825,1.3825,0.5194107238015018,4.6175,0.0,1.0,3.0
encoder,16,fixed_k,8,,3407,1.3328125,1.3328125,0.3819889099748185,6.6671875,0.0,1.0,3.0
encoder,16,ratio,,0.05,3407,0.74625,1.0,0.12580056140574256,,0.25375000000000003,1.0,1.0
encoder,16,ratio,,0.1,3407,0.74890625,1.0,0.11305753772277857,,0.25109375,1.0,1.0
encoder,16,ratio,,0.2,3407,0.7584375,1.00140625,0.16294140770151092,,0.24296875000000007,1.0,1.0
encoder,16,ratio,,0.4,3407,0.87484375,1.155,0.2466770864124544,,0.28015625,1.0,2.0
encoder,32,fixed_k,1,,3407,0.75109375,0.75109375,0.08012304380412355,0.24890625,0.0,1.0,1.0
encoder,32,fixed_k,2,,3407,1.147578125,1.147578125,0.16537567835154715,0.8524218750000001,0.0,1.0,2.0
encoder,32,fixed_k,4,,3407,1.360234375,1.360234375,0.2779919691503864,2.639765625,0.0,1.0,4.0
encoder,32,fixed_k,6,,3407,1.34140625,1.34140625,0.2667977328866149,4.65859375,0.0,1.0,3.0
encoder,32,fixed_k,8,,3407,1.36859375,1.36859375,0.2910581030240139,6.6314062499999995,0.0,1.0,3.0
encoder,32,ratio,,0.05,3407,0.740234375,1.0,0.08190745867812879,,0.259765625,1.0,1.0
encoder,32,ratio,,0.1,3407,0.7425,1.0,0.08210130936836513,,0.25749999999999995,1.0,1.0
encoder,32,ratio,,0.2,3407,0.74140625,1.002109375,0.08085465716912972,,0.26070312500000004,1.0,1.0
encoder,32,ratio,,0.4,3407,0.915703125,1.166015625,0.15100895613831775,,0.25031250000000005,1.0,2.0
encoder,64,fixed_k,1,,3407,0.7177734375,0.7177734375,0.05982272343972726,0.2822265625,0.0,1.0,1.0
encoder,64,fixed_k,2,,3407,1.0941796875,1.0941796875,0.11858720723676246,0.9058203125,0.0,1.0,2.0
encoder,64,fixed_k,4,,3407,1.25890625,1.25890625,0.18885907185898565,2.74109375,0.0,1.0,3.0
encoder,64,fixed_k,6,,3407,1.274609375,1.274609375,0.20561833611447297,4.725390625,0.0,1.0,3.0
encoder,64,fixed_k,8,,3407,1.27796875,1.27796875,0.20420141471948106,6.72203125,0.0,1.0,3.0
encoder,64,ratio,,0.05,3407,0.722109375,1.0,0.06110508806236494,,0.27789062499999995,1.0,1.0
encoder,64,ratio,,0.1,3407,0.72453125,1.0,0.061472213298469254,,0.27546875000000004,1.0,1.0
encoder,64,ratio,,0.2,3407,0.7222265625,1.0019921875,0.06101356180490608,,0.279765625,1.0,1.0
encoder,64,ratio,,0.4,3407,0.858359375,1.14078125,0.09809684981363763,,0.28242187500000004,1.0,2.0
encoder,8,fixed_k,1,,42,0.7240625,0.7240625,0.14166662837009286,0.27593749999999995,0.0,1.0,1.0
encoder,8,fixed_k,2,,42,0.9653125,0.9653125,0.2799412256952341,1.0346875,0.0,1.0,2.0
encoder,8,fixed_k,4,,42,1.3765625,1.3765625,0.6529661140470844,2.6234375,0.0,1.0,3.0
encoder,8,fixed_k,6,,42,1.16375,1.16375,0.4531814619994953,4.83625,0.0,1.0,3.0
encoder,8,fixed_k,8,,42,1.285625,1.285625,0.4494575723858705,6.714375,0.0,1.0,3.0
encoder,8,ratio,,0.05,42,0.7146875,1.0,0.14618554936706293,,0.28531249999999997,1.0,1.0
encoder,8,ratio,,0.1,42,0.808125,1.0,0.11031028680499386,,0.19187500000000002,1.0,1.0
encoder,8,ratio,,0.2,42,0.7140625,1.0,0.2607034878818272,,0.28593749999999996,1.0,1.0
encoder,8,ratio,,0.4,42,0.8184375,1.096875,0.3171588657025845,,0.2784375,1.0,2.0
encoder,16,fixed_k,1,,42,0.71453125,0.71453125,0.1332502894872559,0.28546875000000005,0.0,1.0,1.0
encoder,16,fixed_k,2,,42,1.18171875,1.18171875,0.2707696189077303,0.8182812500000001,0.0,1.0,2.0
encoder,16,fixed_k,4,,42,1.2671875,1.2671875,0.5844982323273099,2.7328125,0.0,1.0,4.0
encoder,16,fixed_k,6,,42,1.29,1.29,0.4164132562731403,4.71,0.0,1.0,3.0
encoder,16,fixed_k,8,,42,1.2275,1.2275,0.4513452115620592,6.7725,0.0,1.0,3.0
encoder,16,ratio,,0.05,42,0.723125,1.0,0.11524600047290143,,0.276875,1.0,1.0
encoder,16,ratio,,0.1,42,0.73890625,1.0,0.12209105448777768,,0.26109375,1.0,1.0
encoder,16,ratio,,0.2,42,0.7215625,1.00109375,0.10388874382602765,,0.2795312499999999,1.0,1.0
encoder,16,ratio,,0.4,42,0.94390625,1.17,0.17613464476342383,,0.22609374999999998,1.0,2.0
encoder,32,fixed_k,1,,42,0.738359375,0.738359375,0.08320217135603719,0.26164062499999996,0.0,1.0,1.0
encoder,32,fixed_k,2,,42,1.146484375,1.146484375,0.16988864617628036,0.853515625,0.0,1.0,2.0
encoder,32,fixed_k,4,,42,1.351953125,1.351953125,0.2721776220760707,2.648046875,0.0,1.0,4.0
encoder,32,fixed_k,6,,42,1.363671875,1.363671875,0.2773357723324461,4.636328125,0.0,1.0,3.0
encoder,32,fixed_k,8,,42,1.365625,1.365625,0.28931154811897847,6.634375,0.0,1.0,3.0498046875
encoder,32,ratio,,0.05,42,0.74390625,1.0,0.08803949198193672,,0.25609375,1.0,1.0
encoder,32,ratio,,0.1,42,0.742265625,1.0,0.08764632714557624,,0.25773437499999996,1.0,1.0
encoder,32,ratio,,0.2,42,0.749375,1.001875,0.08229258965727108,,0.25250000000000006,1.0,1.0
encoder,32,ratio,,0.4,42,0.903359375,1.16484375,0.1507596122751693,,0.261484375,1.0,2.0
encoder,64,fixed_k,1,,42,0.719609375,0.719609375,0.059553545283714,0.280390625,0.0,1.0,1.0
encoder,64,fixed_k,2,,42,1.078828125,1.078828125,0.11884040041788976,0.921171875,0.0,1.0,2.0
encoder,64,fixed_k,4,,42,1.281953125,1.281953125,0.1964299129291651,2.7180468749999998,0.0,1.0,3.0
encoder,64,fixed_k,6,,42,1.27,1.27,0.20150289816464179,4.73,0.0,1.0,3.0
encoder,64,fixed_k,8,,42,1.28125,1.28125,0.21104742506128807,6.71875,0.0,1.0,3.0
encoder,64,ratio,,0.05,42,0.7173828125,1.0,0.059620880176556805,,0.2826171875,1.0,1.0
encoder,64,ratio,,0.1,42,0.7189453125,1.0,0.05974870828804455,,0.28105468749999996,1.0,1.0
encoder,64,ratio,,0.2,42,0.7258984375,1.001875,0.057660682735258116,,0.2759765625,1.0,1.0
encoder,64,ratio,,0.4,42,0.859453125,1.1392578125,0.10153241741980427,,0.27980468749999987,1.0,2.0
encoder,8,fixed_k,1,,8888,0.7121875,0.7121875,0.19449428614679148,0.2878125,0.0,1.0,1.0
encoder,8,fixed_k,2,,8888,1.03125,1.03125,0.2879751508377068,0.96875,0.0,1.0,2.0
encoder,8,fixed_k,4,,8888,1.5890625,1.5890625,0.5452901141536953,2.4109375,0.0,2.0,3.0
encoder,8,fixed_k,6,,8888,1.459375,1.459375,0.6187736737895367,4.540625,0.0,1.0,3.0
encoder,8,fixed_k,8,,8888,1.006875,1.006875,0.48164715754896764,6.993125,0.0,1.0,3.0
encoder,8,ratio,,0.05,8888,0.8025,1.0,0.22180368572230716,,0.1975,1.0,1.0
encoder,8,ratio,,0.1,8888,0.7415625,1.0,0.19756105662237686,,0.2584375,1.0,1.0
encoder,8,ratio,,0.2,8888,0.699375,1.0,0.19787839542254226,,0.30062500000000003,1.0,1.0
encoder,8,ratio,,0.4,8888,0.8075,1.101875,0.25290190786152644,,0.29437499999999994,1.0,2.0
encoder,16,fixed_k,1,,8888,0.78015625,0.78015625,0.12021617491393369,0.21984375,0.0,1.0,1.0
encoder,16,fixed_k,2,,8888,1.0565625,1.0565625,0.2090807166951319,0.9434374999999999,0.0,1.0,2.0
encoder,16,fixed_k,4,,8888,1.01265625,1.01265625,0.3544168502074041,2.98734375,0.0,1.0,3.0
encoder,16,fixed_k,6,,8888,1.3346875,1.3346875,0.42340682545720737,4.6653125,0.0,1.0,3.0
encoder,16,fixed_k,8,,8888,1.4465625,1.4465625,0.3878978552322119,6.5534375,0.0,1.0,3.0
encoder,16,ratio,,0.05,8888,0.7509375,1.0,0.14079538289216023,,0.24906249999999996,1.0,1.0
encoder,16,ratio,,0.1,8888,0.74515625,1.0,0.15626867075948878,,0.25484375000000004,1.0,1.0
encoder,16,ratio,,0.2,8888,0.7590625,1.00390625,0.10668980665344747,,0.24484375000000003,1.0,1.0
encoder,16,ratio,,0.4,8888,0.87453125,1.1259375,0.19442868782265002,,0.25140625000000005,1.0,2.0
encoder,32,fixed_k,1,,8888,0.743359375,0.743359375,0.08266403998026817,0.25664062499999996,0.0,1.0,1.0
encoder,32,fixed_k,2,,8888,1.134296875,1.134296875,0.1733149729076642,0.865703125,0.0,1.0,2.0
encoder,32,fixed_k,4,,8888,1.335234375,1.335234375,0.2831847407826018,2.6647656250000002,0.0,1.0,3.0498046875
encoder,32,fixed_k,6,,8888,1.350703125,1.350703125,0.29332248436487846,4.649296875,0.0,1.0,3.0
encoder,32,fixed_k,8,,8888,1.3484375,1.3484375,0.2827002539683154,6.6515625,0.0,1.0,3.0
encoder,32,ratio,,0.05,8888,0.73921875,1.0,0.08688947159142758,,0.26078124999999996,1.0,1.0
encoder,32,ratio,,0.1,8888,0.7459375,1.0,0.0769480090304486,,0.25406249999999997,1.0,1.0
encoder,32,ratio,,0.2,8888,0.74671875,1.0025,0.08594588027321322,,0.25578124999999996,1.0,1.0
encoder,32,ratio,,0.4,8888,0.904296875,1.1575,0.1427909370687943,,0.253203125,1.0,2.0
encoder,64,fixed_k,1,,8888,0.713828125,0.713828125,0.06078863025566027,0.28617187499999996,0.0,1.0,1.0
encoder,64,fixed_k,2,,8888,1.092734375,1.092734375,0.12090537263024904,0.907265625,0.0,1.0,2.0
encoder,64,fixed_k,4,,8888,1.2572265625,1.2572265625,0.1867456137513572,2.7427734375,0.0,1.0,3.0
encoder,64,fixed_k,6,,8888,1.2894140625,1.2894140625,0.20414078570482574,4.7105859375,0.0,1.0,3.0
encoder,64,fixed_k,8,,8888,1.27953125,1.27953125,0.20530554354653335,6.72046875,0.0,1.0,3.0
encoder,64,ratio,,0.05,8888,0.7165625,1.0,0.06542081329745145,,0.2834375,1.0,1.0
encoder,64,ratio,,0.1,8888,0.722890625,1.0,0.05795964172041934,,0.277109375,1.0,1.0
encoder,64,ratio,,0.2,8888,0.720546875,1.002109375,0.06507728090689081,,0.28156250000000005,1.0,1.0
encoder,64,ratio,,0.4,8888,0.86328125,1.14125,0.10155348517683921,,0.2779687500000001,1.0,2.0
